stage,metric,baseline_value,data_source
detection,precision,0.0062,synthetic_fixture
detection,recall,1.0,synthetic_fixture
detection,map50,0.1555,synthetic_fixture
detection,map50_95,0.1428,synthetic_fixture
segmentation,mean_iou,0.0,synthetic_fixture
segmentation,mean_dice,0.0,synthetic_fixture
segmentation,mean_precision,0.0,synthetic_fixture
segmentation,mean_recall,0.0,synthetic_fixture
classification,top1_accuracy,0.5,synthetic_fixture
classification,top5_accuracy,1.0,synthetic_fixture
classification,f1_macro,0.4167,synthetic_fixture
mass_estimation,mae_g,353.89,synthetic_fixture
mass_estimation,rmse_g,355.33,synthetic_fixture
mass_estimation,r2,-118.7206,synthetic_fixture
nutrition_calories,mae,400.12,synthetic_fixture
nutrition_calories,rmse,411.32,synthetic_fixture
nutrition_calories,r2,-17.6281,synthetic_fixture
nutrition_protein,mae,18.03,synthetic_fixture
nutrition_protein,rmse,22.98,synthetic_fixture
nutrition_protein,r2,-1.5995,synthetic_fixture
nutrition_carbs,mae,40.99,synthetic_fixture
nutrition_carbs,rmse,49.71,synthetic_fixture
nutrition_carbs,r2,-2.1229,synthetic_fixture
nutrition_fat,mae,15.01,synthetic_fixture
nutrition_fat,rmse,15.83,synthetic_fixture
nutrition_fat,r2,-8.8919,synthetic_fixture
