target,metric,value
calories_kcal,mae_kcal,400.12
calories_kcal,rmse_kcal,411.32
calories_kcal,r2_score,-17.6281
calories_kcal,mape_percent,100.0
calories_kcal,samples_evaluated,4
calories_kcal,mean_actual_kcal,400.12
calories_kcal,mean_predicted_kcal,0.0
protein_g,mae_g,18.03
protein_g,rmse_g,22.98
protein_g,r2_score,-1.5995
protein_g,mape_percent,100.0
protein_g,samples_evaluated,4
protein_g,mean_actual_g,18.03
protein_g,mean_predicted_g,0.0
carbohydrates_g,mae_g,40.99
carbohydrates_g,rmse_g,49.71
carbohydrates_g,r2_score,-2.1229
carbohydrates_g,mape_percent,94.41
carbohydrates_g,samples_evaluated,4
carbohydrates_g,mean_actual_g,42.35
carbohydrates_g,mean_predicted_g,1.36
fat_g,mae_g,15.01
fat_g,rmse_g,15.83
fat_g,r2_score,-8.8919
fat_g,mape_percent,83.41
fat_g,samples_evaluated,4
fat_g,mean_actual_g,17.62
fat_g,mean_predicted_g,2.61
