experiment_id,timestamp,stage,model,dataset,backbone,augmentation,optimizer,learning_rate,batch_size,epochs_run,loss,val_metric_name,val_metric_value,test_metric_name,test_metric_value,training_time_s,checkpoint_path,notes
EXP-001,2026-09-30T21:41:32,nutrition,MultiNutrientModel,fixture_p2_120samples_3way(train=72),efficientnet_b0,RandomHFlip+ColorJitter,AdamW(wd=1e-4),0.001,8,60,NormalizedMultiNutrientLoss,cal_mae_kcal,85.3055,cal_mae_kcal,117.89,1105.5,models/nutrition/phase2_NA_baseline.pt,"Phase II baseline. CosineAnnealing, early stop patience=12, grad clip=1.0"
EXP-002,2026-09-30T22:08:20,detection,YOLOv8n,fixture_p2_120train_40val_40test,YOLOv8n-pretrained-COCO,"none (pretrained, no FT)",N/A,N/A,N/A,0,N/A,mAP@50,0.1144,mAP@50,pending,0,models/yolov8n.pt,"BASELINE: pretrained YOLOv8n, no food fine-tuning, imgsz=640"
EXP-003,2026-09-30T22:35:13,detection,YOLOv8n,fixture_detection_p2,YOLOv8n-COCO,none,None,None,None,0,None,mAP@50,0.0,mAP@50,pending,0.0,models/yolov8n.pt,Step 1 Baseline: Pretrained YOLOv8n without fine-tuning on food fixture.
EXP-004,2026-09-30T22:38:57,detection,D1_baseline_transfer,fixture_detection_p2,models/yolov8n.pt,"{'fliplr': 0.5, 'flipud': 0.0, 'degrees': 0.0, 'scale': 0.0, 'hsv_h': 0.0, 'hsv_s': 0.0, 'hsv_v': 0.0, 'mosaic': 0.0}",SGD,0.01,16,10,box+cls+dfl,mAP@50,0.0,mAP@50,pending,221.8,models\yolov8n.pt,"Baseline transfer learning: SGD, standard lr0=0.01, no extra aug"
EXP-005,2026-09-30T22:42:46,detection,D2_improved_augmentation,fixture_detection_p2,models/yolov8n.pt,"{'fliplr': 0.5, 'flipud': 0.0, 'degrees': 10.0, 'scale': 0.25, 'translate': 0.1, 'hsv_h': 0.015, 'hsv_s': 0.4, 'hsv_v': 0.3, 'mosaic': 0.2}",SGD,0.01,16,10,box+cls+dfl,mAP@50,0.0,mAP@50,pending,226.0,models\yolov8n.pt,"Step 3 Augmentation: rotation, scale jitter, translation, HSV variation, mild mosaic"
EXP-006,2026-09-30T23:12:35,detection,Pretrained_COCO_YOLOv8n,fixture_detection_p2,YOLOv8n,none,None,0.002,8,0,box+cls+dfl,mAP@50,0.0,mAP@50,0.0472,0.0,models/yolov8n.pt,COCO pretrained YOLOv8n without food fine-tuning
EXP-007,2026-09-30T23:12:35,detection,D1_baseline_transfer,fixture_detection_p2,YOLOv8s,food_transforms,SGD,0.01,16,10,box+cls+dfl,mAP@50,0.3394,mAP@50,0.2852,0.0,models\detection\D1_baseline_transfer_best.pt,"Step 1 & 4 Transfer Learning: SGD (lr0=0.01, imgsz=480, 10 ep)"
EXP-008,2026-09-30T23:12:35,detection,D2_improved_augmentation,fixture_detection_p2,YOLOv8s,food_transforms,SGD,0.01,16,10,box+cls+dfl,mAP@50,0.2702,mAP@50,val_only,0.0,models\detection\D2_improved_augmentation_best.pt,"Step 3 Augmentation: Rot 10 deg, Scale 0.25, Translate 0.1, HSV, Mosaic 0.2"
EXP-009,2026-09-30T23:12:35,detection,D3_higher_resolution,fixture_detection_p2,YOLOv8s,food_transforms,SGD,0.01,16,10,box+cls+dfl,mAP@50,0.1329,mAP@50,val_only,0.0,models\detection\D3_higher_resolution_best.pt,Step 5 Resolution: 640x640 input resolution vs 480x480
EXP-010,2026-09-30T23:12:35,detection,D4_adamw_cosine_lr,fixture_detection_p2,YOLOv8s,food_transforms,AdamW,0.002,16,10,box+cls+dfl,mAP@50,0.0877,mAP@50,val_only,0.0,models\detection\D4_adamw_cosine_lr_best.pt,Step 6 Training: AdamW optimizer + Cosine LR schedule + weight decay
EXP-011,2026-09-30T23:12:35,detection,D5_yolov8s_capacity,fixture_detection_p2,YOLOv8s,food_transforms,AdamW,0.01,8,4,box+cls+dfl,mAP@50,0.1095,mAP@50,val_only,0.0,models\detection\D5_yolov8s_capacity_best.pt,Step 4 Model Capacity: Stronger YOLOv8s backbone (11.2M params vs 3.2M)
